Date/Time,Measured Temperature 
 10/26  10:00:00,20.29
 10/26  11:00:00,20.53
 10/26  12:00:00,20.76
 10/26  13:00:00,20.88
 10/26  14:00:00,20.94
 10/26  15:00:00,21.05
 10/26  16:00:00,21.23
 10/26  17:00:00,21
 10/26  18:00:00,20.76
 10/26  19:00:00,20.58
 10/26  20:00:00,20.41
 10/26  21:00:00,20.29
 10/26  22:00:00,20.24
 10/26  23:00:00,20.12
 10/26  24:00:00,20.06
 10/27  01:00:00,20.01
 10/27  02:00:00,19.95
 10/27  03:00:00,19.89
 10/27  04:00:00,19.84
 10/27  05:00:00,19.78
 10/27  06:00:00,19.78
 10/27  07:00:00,19.73
 10/27  08:00:00,19.67
 10/27  09:00:00,19.73
 10/27  10:00:00,20.29
 10/27  11:00:00,21.41
 10/27  12:00:00,20.64
 10/27  13:00:00,23.32
 10/27  14:00:00,21.84
 10/27  15:00:00,21.59
 10/27  16:00:00,21.66
 10/27  17:00:00,21.53
 10/27  18:00:00,21.47
 10/27  19:00:00,21.41
 10/27  20:00:00,21.47
 10/27  21:00:00,21.41
 10/27  22:00:00,21.35
 10/27  23:00:00,21.41
 10/27  24:00:00,21.41
 10/28  01:00:00,21.41
 10/28  02:00:00,21.35
 10/28  03:00:00,21.41
 10/28  04:00:00,21.35
 10/28  05:00:00,21.29
 10/28  06:00:00,21.29
 10/28  07:00:00,21.17
 10/28  08:00:00,21.23
 10/28  09:00:00,21.47
 10/28  10:00:00,21.59
 10/28  11:00:00,21.59
 10/28  12:00:00,21.66
 10/28  13:00:00,21.66
 10/28  14:00:00,21.78
 10/28  15:00:00,21.84
 10/28  16:00:00,21.9
 10/28  17:00:00,21.84
 10/28  18:00:00,21.78
 10/28  19:00:00,21.78
 10/28  20:00:00,21.78
 10/28  21:00:00,21.78
 10/28  22:00:00,21.78
 10/28  23:00:00,21.78
 10/28  24:00:00,21.84
 10/29  01:00:00,21.84
 10/29  02:00:00,21.84
 10/29  03:00:00,21.84
 10/29  04:00:00,21.84
 10/29  05:00:00,21.84
 10/29  06:00:00,21.84
 10/29  07:00:00,21.84
 10/29  08:00:00,21.84
 10/29  09:00:00,21.97
 10/29  10:00:00,22.03
 10/29  11:00:00,22.03
 10/29  12:00:00,22.03
 10/29  13:00:00,22.16
 10/29  14:00:00,22.22
 10/29  15:00:00,22.22
 10/29  16:00:00,22.22
 10/29  17:00:00,22.16
 10/29  18:00:00,22.16
 10/29  19:00:00,22.16
 10/29  20:00:00,22.09
 10/29  21:00:00,22.09
 10/29  22:00:00,22.09
 10/29  23:00:00,22.09
 10/29  24:00:00,22.03
 10/30  01:00:00,21.97
 10/30  02:00:00,21.97
 10/30  03:00:00,21.97
 10/30  04:00:00,21.9
 10/30  05:00:00,21.9
 10/30  06:00:00,21.9
 10/30  07:00:00,21.84
 10/30  08:00:00,21.84
 10/30  09:00:00,21.84
 10/30  10:00:00,21.78
 10/30  11:00:00,21.84
 10/30  12:00:00,21.97
 10/30  13:00:00,22.03
 10/30  14:00:00,22.09
 10/30  15:00:00,22.16
 10/30  16:00:00,22.16
 10/30  17:00:00,22.16
 10/30  18:00:00,22.09
 10/30  19:00:00,22.09
 10/30  20:00:00,22.03
 10/30  21:00:00,22.03
 10/30  22:00:00,22.03
 10/30  23:00:00,22.03
 10/30  24:00:00,22.03
 10/31  01:00:00,21.97
 10/31  02:00:00,21.97
 10/31  03:00:00,21.97
 10/31  04:00:00,21.97
 10/31  05:00:00,21.9
 10/31  06:00:00,21.78
 10/31  07:00:00,21.78
 10/31  08:00:00,21.72
 10/31  09:00:00,21.84
 10/31  10:00:00,22.03
 10/31  11:00:00,22.03
 10/31  12:00:00,21.97
 10/31  13:00:00,22.03
 10/31  14:00:00,22.03
 10/31  15:00:00,21.97
 10/31  16:00:00,21.97
 10/31  17:00:00,21.9
 10/31  18:00:00,21.84
 10/31  19:00:00,21.84
 10/31  20:00:00,21.78
 10/31  21:00:00,21.78
 10/31  22:00:00,21.72
 10/31  23:00:00,21.66
 10/31  24:00:00,21.59
 11/01  01:00:00,21.59
 11/01  02:00:00,21.53
 11/01  03:00:00,21.47
 11/01  04:00:00,21.47
 11/01  05:00:00,21.41
 11/01  06:00:00,21.35
 11/01  07:00:00,21.23
 11/01  08:00:00,21.23
 11/01  09:00:00,21.23
 11/01  10:00:00,21.29
 11/01  11:00:00,21.29
 11/01  12:00:00,21.17
 11/01  13:00:00,21.17
 11/01  14:00:00,21.23
 11/01  15:00:00,21.23
 11/01  16:00:00,21.23
 11/01  17:00:00,21.17
 11/01  18:00:00,21.23
 11/01  19:00:00,21.29
 11/01  20:00:00,21.35
 11/01  21:00:00,21.29
 11/01  22:00:00,21.17
 11/01  23:00:00,21.17
 11/01  24:00:00,21.17
 11/02  01:00:00,21
 11/02  02:00:00,21.05
 11/02  03:00:00,21.11
 11/02  04:00:00,20.82
 11/02  05:00:00,20.88
 11/02  06:00:00,20.94
 11/02  07:00:00,21.05
 11/02  08:00:00,21.05
 11/02  09:00:00,21.05
 11/02  10:00:00,21
 11/02  11:00:00,21.05
 11/02  12:00:00,21.05
 11/02  13:00:00,21.11
 11/02  14:00:00,21.17
 11/02  15:00:00,21.23
 11/02  16:00:00,21.17
 11/02  17:00:00,21.17
 11/02  18:00:00,21.17
 11/02  19:00:00,21.23
 11/02  20:00:00,21.23
 11/02  21:00:00,21.17
 11/02  22:00:00,21.17
 11/02  23:00:00,21.17
 11/02  24:00:00,21.17
 11/03  01:00:00,21.17
 11/03  02:00:00,21.11
 11/03  03:00:00,21.11
 11/03  04:00:00,21.11
 11/03  05:00:00,21.11
 11/03  06:00:00,21.05
 11/03  07:00:00,21.11
 11/03  08:00:00,21.11
 11/03  09:00:00,21.23
 11/03  10:00:00,21.35
 11/03  11:00:00,21.35
 11/03  12:00:00,21.41
 11/03  13:00:00,21.47
 11/03  14:00:00,21.53
 11/03  15:00:00,21.59
 11/03  16:00:00,21.59
 11/03  17:00:00,21.53
 11/03  18:00:00,21.53
 11/03  19:00:00,21.47
 11/03  20:00:00,21.47
 11/03  21:00:00,21.47
 11/03  22:00:00,21.47
 11/03  23:00:00,21.53
 11/03  24:00:00,21.53
 11/04  01:00:00,21.47
 11/04  02:00:00,21.47
 11/04  03:00:00,21.47
 11/04  04:00:00,21.47
 11/04  05:00:00,21.47
 11/04  06:00:00,21.47
 11/04  07:00:00,21.47
 11/04  08:00:00,21.47
 11/04  09:00:00,21.47
 11/04  10:00:00,21.47
 11/04  11:00:00,21.53
 11/04  12:00:00,21.59
 11/04  13:00:00,21.72
 11/04  14:00:00,21.78
 11/04  15:00:00,21.78
 11/04  16:00:00,21.78
 11/04  17:00:00,21.72
 11/04  18:00:00,21.66
 11/04  19:00:00,21.66
 11/04  20:00:00,21.66
 11/04  21:00:00,21.66
 11/04  22:00:00,21.66
 11/04  23:00:00,21.66
 11/04  24:00:00,21.66
 11/05  01:00:00,21.66
 11/05  02:00:00,21.66
 11/05  03:00:00,21.66
 11/05  04:00:00,21.66
 11/05  05:00:00,21.72
 11/05  06:00:00,21.72
 11/05  07:00:00,21.72
 11/05  08:00:00,21.72
 11/05  09:00:00,21.72
 11/05  10:00:00,21.72
 11/05  11:00:00,21.84
 11/05  12:00:00,21.9
 11/05  13:00:00,21.9
 11/05  14:00:00,21.97
 11/05  15:00:00,21.97
 11/05  16:00:00,21.97
 11/05  17:00:00,21.97
 11/05  18:00:00,21.97
 11/05  19:00:00,21.97
 11/05  20:00:00,21.97
 11/05  21:00:00,21.97
 11/05  22:00:00,21.97
 11/05  23:00:00,21.97
 11/05  24:00:00,21.97
 11/06  01:00:00,21.97
 11/06  02:00:00,21.97
 11/06  03:00:00,21.97
 11/06  04:00:00,21.97
 11/06  05:00:00,21.97
 11/06  06:00:00,21.97
 11/06  07:00:00,21.9
 11/06  08:00:00,21.9
 11/06  09:00:00,21.9
 11/06  10:00:00,21.97
 11/06  11:00:00,22.03
 11/06  12:00:00,22.16
 11/06  13:00:00,22.22
 11/06  14:00:00,22.28
 11/06  15:00:00,22.35
 11/06  16:00:00,22.35
 11/06  17:00:00,22.28
 11/06  18:00:00,22.22
 11/06  19:00:00,22.22
 11/06  20:00:00,22.22
 11/06  21:00:00,22.16
 11/06  22:00:00,22.16
 11/06  23:00:00,22.16
 11/06  24:00:00,22.16
 11/07  01:00:00,22.16
 11/07  02:00:00,22.16
 11/07  03:00:00,22.09
 11/07  04:00:00,22.03
 11/07  05:00:00,22.03
 11/07  06:00:00,21.97
 11/07  07:00:00,21.97
 11/07  08:00:00,21.9
 11/07  09:00:00,22.03
 11/07  10:00:00,22.16
 11/07  11:00:00,22.22
 11/07  12:00:00,22.22
 11/07  13:00:00,22.28
 11/07  14:00:00,22.35
 11/07  15:00:00,22.48
 11/07  16:00:00,22.6
 11/07  17:00:00,22.48
 11/07  18:00:00,22.35
 11/07  19:00:00,22.35
 11/07  20:00:00,22.28
 11/07  21:00:00,22.28
 11/07  22:00:00,22.28
 11/07  23:00:00,22.22
 11/07  24:00:00,22.22
 11/08  01:00:00,22.22
 11/08  02:00:00,22.22
 11/08  03:00:00,22.16
 11/08  04:00:00,22.09
 11/08  05:00:00,22.03
 11/08  06:00:00,21.97
 11/08  07:00:00,21.84
 11/08  08:00:00,21.9
 11/08  09:00:00,22.03
 11/08  10:00:00,22.09
 11/08  11:00:00,22.09
 11/08  12:00:00,22.22
 11/08  13:00:00,22.28
 11/08  14:00:00,22.48
 11/08  15:00:00,22.48
 11/08  16:00:00,22.48
 11/08  17:00:00,22.48
 11/08  18:00:00,22.41
 11/08  19:00:00,22.41
 11/08  20:00:00,22.41
 11/08  21:00:00,22.41
 11/08  22:00:00,22.41
 11/08  23:00:00,22.35
 11/08  24:00:00,22.35
 11/09  01:00:00,22.28
 11/09  02:00:00,22.28
 11/09  03:00:00,22.28
 11/09  04:00:00,22.28
 11/09  05:00:00,22.22
 11/09  06:00:00,22.16
 11/09  07:00:00,22.09
 11/09  08:00:00,22.03
 11/09  09:00:00,22.03
 11/09  10:00:00,22.22
 11/09  11:00:00,22.28
 11/09  12:00:00,22.28
 11/09  13:00:00,22.35
 11/09  14:00:00,22.41
 11/09  15:00:00,22.54
 11/09  16:00:00,22.6
 11/09  17:00:00,22.6
 11/09  18:00:00,22.54
 11/09  19:00:00,22.54
 11/09  20:00:00,22.48
 11/09  21:00:00,22.48
 11/09  22:00:00,22.48
 11/09  23:00:00,22.48
 11/09  24:00:00,22.41
 11/10  01:00:00,22.41
 11/10  02:00:00,22.41
 11/10  03:00:00,22.35
 11/10  04:00:00,22.28
 11/10  05:00:00,22.22
 11/10  06:00:00,22.16
 11/10  07:00:00,22.16
 11/10  08:00:00,22.09
 11/10  09:00:00,22.16
 11/10  10:00:00,22.22
 11/10  11:00:00,22.35
 11/10  12:00:00,22.41
 11/10  13:00:00,22.41
 11/10  14:00:00,22.48
 11/10  15:00:00,22.54
 11/10  16:00:00,22.6
 11/10  17:00:00,22.6
 11/10  18:00:00,22.54
 11/10  19:00:00,22.48
 11/10  20:00:00,22.48
 11/10  21:00:00,22.48
 11/10  22:00:00,22.48
 11/10  23:00:00,22.41
 11/10  24:00:00,22.41
 11/11  01:00:00,22.35
 11/11  02:00:00,22.35
 11/11  03:00:00,22.28
 11/11  04:00:00,22.28
 11/11  05:00:00,22.16
 11/11  06:00:00,22.09
 11/11  07:00:00,22.03
 11/11  08:00:00,21.83
 11/11  09:00:00,21.83
 11/11  10:00:00,22.09
 11/11  11:00:00,22.28
 11/11  12:00:00,22.28
 11/11  13:00:00,22.35
 11/11  14:00:00,22.41
 11/11  15:00:00,22.54
 11/11  16:00:00,22.54
 11/11  17:00:00,22.48
 11/11  18:00:00,22.48
 11/11  19:00:00,22.41
 11/11  20:00:00,22.41
 11/11  21:00:00,22.35
 11/11  22:00:00,22.35
 11/11  23:00:00,22.35
 11/11  24:00:00,22.15
 11/12  01:00:00,22.15
 11/12  02:00:00,22.09
 11/12  03:00:00,22.09
 11/12  04:00:00,22.02
 11/12  05:00:00,21.96
 11/12  06:00:00,21.9
 11/12  07:00:00,21.83
 11/12  08:00:00,21.83
 11/12  09:00:00,21.83
 11/12  10:00:00,21.9
 11/12  11:00:00,21.96
 11/12  12:00:00,22.02
 11/12  13:00:00,22.02
 11/12  14:00:00,22.09
 11/12  15:00:00,22.15
 11/12  16:00:00,22.15
 11/12  17:00:00,22.15
 11/12  18:00:00,22.09
 11/12  19:00:00,22.09
 11/12  20:00:00,22.09
 11/12  21:00:00,22.02
 11/12  22:00:00,22.02
 11/12  23:00:00,21.96
 11/12  24:00:00,21.96
 11/13  01:00:00,21.96
 11/13  02:00:00,21.9
 11/13  03:00:00,21.9
 11/13  04:00:00,21.9
 11/13  05:00:00,21.83
 11/13  06:00:00,21.83
 11/13  07:00:00,21.77
 11/13  08:00:00,21.71
 11/13  09:00:00,21.77
 11/13  10:00:00,21.83
 11/13  11:00:00,21.83
 11/13  12:00:00,21.83
 11/13  13:00:00,21.83
 11/13  14:00:00,21.9
 11/13  15:00:00,21.96
 11/13  16:00:00,22.02
 11/13  17:00:00,22.02
 11/13  18:00:00,21.96
 11/13  19:00:00,21.9
 11/13  20:00:00,21.9
 11/13  21:00:00,21.83
 11/13  22:00:00,21.83
 11/13  23:00:00,21.83
 11/13  24:00:00,21.77
 11/14  01:00:00,21.77
 11/14  02:00:00,21.71
 11/14  03:00:00,21.71
 11/14  04:00:00,21.65
 11/14  05:00:00,21.59
 11/14  06:00:00,21.53
 11/14  07:00:00,21.46
 11/14  08:00:00,21.4
 11/14  09:00:00,21.4
 11/14  10:00:00,21.4
 11/14  11:00:00,21.4
 11/14  12:00:00,21.53
 11/14  13:00:00,21.65
 11/14  14:00:00,21.71
 11/14  15:00:00,21.83
 11/14  16:00:00,21.83
 11/14  17:00:00,21.83
 11/14  18:00:00,21.53
 11/14  19:00:00,21.46
 11/14  20:00:00,21.4
 11/14  21:00:00,21.34
 11/14  22:00:00,21.34
 11/14  23:00:00,21.34
 11/14  24:00:00,21.34
 11/15  01:00:00,21.28
 11/15  02:00:00,21.28
 11/15  03:00:00,21.22
 11/15  04:00:00,21.16
 11/15  05:00:00,21.16
 11/15  06:00:00,21.1
 11/15  07:00:00,20.98
 11/15  08:00:00,20.92
 11/15  09:00:00,20.92
 11/15  10:00:00,21.04
 11/15  11:00:00,21.16
 11/15  12:00:00,21.22
 11/15  13:00:00,21.34
 11/15  14:00:00,21.4
 11/15  15:00:00,21.4
 11/15  16:00:00,21.28
 11/15  17:00:00,21.16
 11/15  18:00:00,21.16
 11/15  19:00:00,21.1
 11/15  20:00:00,21.04
 11/15  21:00:00,20.98
 11/15  22:00:00,20.92
 11/15  23:00:00,20.86
 11/15  24:00:00,20.8
 11/16  01:00:00,20.86
 11/16  02:00:00,20.8
 11/16  03:00:00,20.8
 11/16  04:00:00,20.8
 11/16  05:00:00,20.74
 11/16  06:00:00,20.74
 11/16  07:00:00,20.69
 11/16  08:00:00,20.63
 11/16  09:00:00,20.63
 11/16  10:00:00,20.57
 11/16  11:00:00,20.57
 11/16  12:00:00,20.63
 11/16  13:00:00,20.63
 11/16  14:00:00,20.69
 11/16  15:00:00,20.69
 11/16  16:00:00,20.74
 11/16  17:00:00,20.74
 11/16  18:00:00,20.69
 11/16  19:00:00,20.63
 11/16  20:00:00,20.57
 11/16  21:00:00,20.57
 11/16  22:00:00,20.51
 11/16  23:00:00,20.57
 11/16  24:00:00,20.57
 11/17  01:00:00,20.57
 11/17  02:00:00,20.57
 11/17  03:00:00,20.51
 11/17  04:00:00,20.51
 11/17  05:00:00,20.45
 11/17  06:00:00,20.45
 11/17  07:00:00,20.39
 11/17  08:00:00,20.39
 11/17  09:00:00,20.34
 11/17  10:00:00,20.63
 11/17  11:00:00,20.45
 11/17  12:00:00,20.45
 11/17  13:00:00,20.34
 11/17  14:00:00,20.39
 11/17  15:00:00,20.57
 11/17  16:00:00,20.69
 11/17  17:00:00,20.69
 11/17  18:00:00,20.74
 11/17  19:00:00,20.69
 11/17  20:00:00,20.69
 11/17  21:00:00,20.63
 11/17  22:00:00,20.63
 11/17  23:00:00,20.57
 11/17  24:00:00,20.57
 11/18  01:00:00,20.57
 11/18  02:00:00,20.57
 11/18  03:00:00,20.51
 11/18  04:00:00,20.51
 11/18  05:00:00,20.45
 11/18  06:00:00,20.39
 11/18  07:00:00,20.39
 11/18  08:00:00,20.34
 11/18  09:00:00,20.28
 11/18  10:00:00,20.34
 11/18  11:00:00,20.51
 11/18  12:00:00,20.51
 11/18  13:00:00,20.57
 11/18  14:00:00,20.57
 11/18  15:00:00,20.74
 11/18  16:00:00,20.74
 11/18  17:00:00,20.8
 11/18  18:00:00,20.8
 11/18  19:00:00,20.74
 11/18  20:00:00,20.69
 11/18  21:00:00,20.69
 11/18  22:00:00,20.69
 11/18  23:00:00,20.63
 11/18  24:00:00,20.63
 11/19  01:00:00,20.63
 11/19  02:00:00,20.57
 11/19  03:00:00,20.57
 11/19  04:00:00,20.51
 11/19  05:00:00,20.45
 11/19  06:00:00,20.45
 11/19  07:00:00,20.45
 11/19  08:00:00,20.39
 11/19  09:00:00,20.34
 11/19  10:00:00,20.39
 11/19  11:00:00,20.39
 11/19  12:00:00,20.39
 11/19  13:00:00,20.45
 11/19  14:00:00,20.51
 11/19  15:00:00,20.69
 11/19  16:00:00,20.74
 11/19  17:00:00,20.74
 11/19  18:00:00,20.74
 11/19  19:00:00,20.74
 11/19  20:00:00,20.69
 11/19  21:00:00,20.63
 11/19  22:00:00,20.63
 11/19  23:00:00,20.63
 11/19  24:00:00,20.63
 11/20  01:00:00,20.57
 11/20  02:00:00,20.57
 11/20  03:00:00,20.57
 11/20  04:00:00,20.51
 11/20  05:00:00,20.45
 11/20  06:00:00,20.39
 11/20  07:00:00,20.34
 11/20  08:00:00,20.28
 11/20  09:00:00,20.22
 11/20  10:00:00,20.22
 11/20  11:00:00,20.22
 11/20  12:00:00,20.22
 11/20  13:00:00,20.22
 11/20  14:00:00,20.22
 11/20  15:00:00,20.34
 11/20  16:00:00,20.45
 11/20  17:00:00,20.51
 11/20  18:00:00,20.51
 11/20  19:00:00,20.45
 11/20  20:00:00,20.39
 11/20  21:00:00,20.39
 11/20  22:00:00,20.34
 11/20  23:00:00,20.39
 11/20  24:00:00,20.39
 11/21  01:00:00,20.39
 11/21  02:00:00,20.39
 11/21  03:00:00,20.34
 11/21  04:00:00,20.34
 11/21  05:00:00,20.34
 11/21  06:00:00,20.28
 11/21  07:00:00,20.22
 11/21  08:00:00,20.28
 11/21  09:00:00,20.28
 11/21  10:00:00,20.28
 11/21  11:00:00,20.28
 11/21  12:00:00,20.16
 11/21  13:00:00,20.16
 11/21  14:00:00,20.16
 11/21  15:00:00,20.16
 11/21  16:00:00,20.11
 11/21  17:00:00,19.99
 11/21  18:00:00,19.94
 11/21  19:00:00,19.82
 11/21  20:00:00,19.77
 11/21  21:00:00,19.71
 11/21  22:00:00,19.66
 11/21  23:00:00,19.6
 11/21  24:00:00,19.55
 11/22  01:00:00,19.27
 11/22  02:00:00,19.33
 11/22  03:00:00,19.22
 11/22  04:00:00,19.16
 11/22  05:00:00,19.11
 11/22  06:00:00,19.22
 11/22  07:00:00,19.22
 11/22  08:00:00,19.22
 11/22  09:00:00,19.22
 11/22  10:00:00,19.33
 11/22  11:00:00,19.33
 11/22  12:00:00,19
 11/22  13:00:00,18.84
 11/22  14:00:00,18.78
 11/22  15:00:00,18.89
 11/22  16:00:00,18.89
 11/22  17:00:00,18.89
 11/22  18:00:00,18.89
 11/22  19:00:00,18.89
 11/22  20:00:00,18.89
 11/22  21:00:00,19
 11/22  22:00:00,19
 11/22  23:00:00,18.95
 11/22  24:00:00,18.95
 11/23  01:00:00,18.89
 11/23  02:00:00,18.84
 11/23  03:00:00,18.84
 11/23  04:00:00,18.78
 11/23  05:00:00,18.68
 11/23  06:00:00,18.57
 11/23  07:00:00,18.57
 11/23  08:00:00,18.57
 11/23  09:00:00,18.57
 11/23  10:00:00,18.63
 11/23  11:00:00,18.63
 11/23  12:00:00,18.73
 11/23  13:00:00,18.68
 11/23  14:00:00,18.73
 11/23  15:00:00,18.84
 11/23  16:00:00,18.95
 11/23  17:00:00,18.89
 11/23  18:00:00,18.78
 11/23  19:00:00,18.73
 11/23  20:00:00,18.73
 11/23  21:00:00,18.78
 11/23  22:00:00,18.73
 11/23  23:00:00,18.73
 11/23  24:00:00,18.63
 11/24  01:00:00,18.63
 11/24  02:00:00,18.52
 11/24  03:00:00,18.52
 11/24  04:00:00,18.52
 11/24  05:00:00,18.47
 11/24  06:00:00,18.42
 11/24  07:00:00,18.36
 11/24  08:00:00,18.32
 11/24  09:00:00,18.21
 11/24  10:00:00,18.27
 11/24  11:00:00,18.32
 11/24  12:00:00,18.27
 11/24  13:00:00,18.32
 11/24  14:00:00,18.42
 11/24  15:00:00,18.52
 11/24  16:00:00,18.52
 11/24  17:00:00,18.47
 11/24  18:00:00,18.47
 11/24  19:00:00,18.52
 11/24  20:00:00,18.52
 11/24  21:00:00,18.52
 11/24  22:00:00,18.57
 11/24  23:00:00,18.57
 11/24  24:00:00,18.63
 11/25  01:00:00,18.63
 11/25  02:00:00,18.63
 11/25  03:00:00,18.63
 11/25  04:00:00,18.57
 11/25  05:00:00,18.63
 11/25  06:00:00,18.63
 11/25  07:00:00,18.68
 11/25  08:00:00,18.68
 11/25  09:00:00,18.68
 11/25  10:00:00,18.78
 11/25  11:00:00,18.95
 11/25  12:00:00,18.95
 11/25  13:00:00,18.95
 11/25  14:00:00,19
 11/25  15:00:00,19.22
 11/25  16:00:00,19.11
 11/25  17:00:00,19.05
 11/25  18:00:00,19.05
 11/25  19:00:00,19
 11/25  20:00:00,19
 11/25  21:00:00,19
 11/25  22:00:00,18.95
 11/25  23:00:00,18.95
 11/25  24:00:00,18.84
 11/26  01:00:00,18.78
 11/26  02:00:00,18.78
 11/26  03:00:00,18.78
 11/26  04:00:00,18.78
 11/26  05:00:00,18.73
 11/26  06:00:00,18.73
 11/26  07:00:00,18.68
 11/26  08:00:00,18.73
 11/26  09:00:00,18.63
 11/26  10:00:00,18.68
 11/26  11:00:00,18.84
 11/26  12:00:00,18.95
 11/26  13:00:00,19
 11/26  14:00:00,19.05
 11/26  15:00:00,19.16
 11/26  16:00:00,19.27
 11/26  17:00:00,19.33
 11/26  18:00:00,19.22
 11/26  19:00:00,19.16
 11/26  20:00:00,19.11
 11/26  21:00:00,19.11
 11/26  22:00:00,19.05
 11/26  23:00:00,19
 11/26  24:00:00,19
 11/27  01:00:00,18.95
 11/27  02:00:00,18.95
 11/27  03:00:00,18.89
 11/27  04:00:00,18.84
 11/27  05:00:00,18.84
 11/27  06:00:00,18.84
 11/27  07:00:00,18.84
 11/27  08:00:00,18.84
 11/27  09:00:00,18.84
 11/27  10:00:00,18.95
 11/27  11:00:00,19.05
 11/27  12:00:00,19.16
 11/27  13:00:00,19.16
 11/27  14:00:00,19.22
 11/27  15:00:00,19.33
 11/27  16:00:00,19.38
 11/27  17:00:00,19.38
 11/27  18:00:00,19.27
 11/27  19:00:00,19.16
 11/27  20:00:00,19.11
 11/27  21:00:00,19.05
 11/27  22:00:00,19.05
 11/27  23:00:00,19
 11/27  24:00:00,19
 11/28  01:00:00,19.05
 11/28  02:00:00,19.05
 11/28  03:00:00,19.05
 11/28  04:00:00,19
 11/28  05:00:00,19
 11/28  06:00:00,19
 11/28  07:00:00,18.89
 11/28  08:00:00,18.84
 11/28  09:00:00,18.78
 11/28  10:00:00,18.73
 11/28  11:00:00,18.95
 11/28  12:00:00,19.11
 11/28  13:00:00,19.16
 11/28  14:00:00,19.22
 11/28  15:00:00,19.22
 11/28  16:00:00,19.33
 11/28  17:00:00,19.33
 11/28  18:00:00,19.05
 11/28  19:00:00,18.89
 11/28  20:00:00,18.78
 11/28  21:00:00,18.68
 11/28  22:00:00,18.63
 11/28  23:00:00,18.63
 11/28  24:00:00,18.57
 11/29  01:00:00,18.57
 11/29  02:00:00,18.57
 11/29  03:00:00,18.57
 11/29  04:00:00,18.52
 11/29  05:00:00,18.52
 11/29  06:00:00,18.47
 11/29  07:00:00,18.36
 11/29  08:00:00,18.36
 11/29  09:00:00,18.11
 11/29  10:00:00,18.16
 11/29  11:00:00,18.36
 11/29  12:00:00,18.42
 11/29  13:00:00,18.42
 11/29  14:00:00,18.52
 11/29  15:00:00,18.63
 11/29  16:00:00,18.73
 11/29  17:00:00,18.73
 11/29  18:00:00,18.73
 11/29  19:00:00,18.68
 11/29  20:00:00,18.68
 11/29  21:00:00,18.63
 11/29  22:00:00,18.57
 11/29  23:00:00,18.52
 11/29  24:00:00,18.42
 11/30  01:00:00,18.36
 11/30  02:00:00,18.27
 11/30  03:00:00,18.27
 11/30  04:00:00,18.21
 11/30  05:00:00,18.16
 11/30  06:00:00,18.11
 11/30  07:00:00,18.01
 11/30  08:00:00,17.91
 11/30  09:00:00,17.91
 11/30  10:00:00,17.86
 11/30  11:00:00,17.96
 11/30  12:00:00,18.01
 11/30  13:00:00,18.11
 11/30  14:00:00,18.06
 11/30  15:00:00,18.16
 11/30  16:00:00,18.27
 11/30  17:00:00,18.36
 11/30  18:00:00,18.36
 11/30  19:00:00,18.36
 11/30  20:00:00,18.36
 11/30  21:00:00,18.36
 11/30  22:00:00,18.36
 11/30  23:00:00,18.32
 11/30  24:00:00,18.27
 12/01  01:00:00,18.21
 12/01  02:00:00,18.21
 12/01  03:00:00,18.16
 12/01  04:00:00,18.11
 12/01  05:00:00,18.11
 12/01  06:00:00,18.11
 12/01  07:00:00,18.06
 12/01  08:00:00,17.96
 12/01  09:00:00,17.96
 12/01  10:00:00,17.96
 12/01  11:00:00,17.96
 12/01  12:00:00,18.16
 12/01  13:00:00,18.32
 12/01  14:00:00,18.32
 12/01  15:00:00,18.36
 12/01  16:00:00,18.42
 12/01  17:00:00,18.42
 12/01  18:00:00,18.47
 12/01  19:00:00,18.47
 12/01  20:00:00,18.47
 12/01  21:00:00,18.47
 12/01  22:00:00,18.47
 12/01  23:00:00,18.47
 12/01  24:00:00,18.47
 12/02  01:00:00,18.47
 12/02  02:00:00,18.47
 12/02  03:00:00,18.47
 12/02  04:00:00,18.47
 12/02  05:00:00,18.47
 12/02  06:00:00,18.47
 12/02  07:00:00,18.42
 12/02  08:00:00,18.42
 12/02  09:00:00,18.36
 12/02  10:00:00,18.32
 12/02  11:00:00,18.32
 12/02  12:00:00,18.42
 12/02  13:00:00,18.47
 12/02  14:00:00,18.47
 12/02  15:00:00,18.52
 12/02  16:00:00,18.73
 12/02  17:00:00,18.73
 12/02  18:00:00,18.73
 12/02  19:00:00,18.73
 12/02  20:00:00,18.73
 12/02  21:00:00,18.73
 12/02  22:00:00,18.68
 12/02  23:00:00,18.68
 12/02  24:00:00,18.68
 12/03  01:00:00,18.63
 12/03  02:00:00,18.63
 12/03  03:00:00,18.57
 12/03  04:00:00,18.52
 12/03  05:00:00,18.36
 12/03  06:00:00,18.32
 12/03  07:00:00,18.16
 12/03  08:00:00,18.16
 12/03  09:00:00,18.11
 12/03  10:00:00,18.11
 12/03  11:00:00,18.16
 12/03  12:00:00,18.16
 12/03  13:00:00,18.27
 12/03  14:00:00,18.42
 12/03  15:00:00,18.47
 12/03  16:00:00,18.57
 12/03  17:00:00,18.68
 12/03  18:00:00,18.68
 12/03  19:00:00,18.63
 12/03  20:00:00,18.57
 12/03  21:00:00,18.57
 12/03  22:00:00,18.57
 12/03  23:00:00,18.52
 12/03  24:00:00,18.52
 12/04  01:00:00,18.52
 12/04  02:00:00,18.47
 12/04  03:00:00,18.47
 12/04  04:00:00,18.47
 12/04  05:00:00,18.42
 12/04  06:00:00,18.36
 12/04  07:00:00,18.36
 12/04  08:00:00,18.32
 12/04  09:00:00,18.21
 12/04  10:00:00,18.21
 12/04  11:00:00,18.21
 12/04  12:00:00,18.27
 12/04  13:00:00,18.36
 12/04  14:00:00,18.42
 12/04  15:00:00,18.52
 12/04  16:00:00,18.57
 12/04  17:00:00,18.63
 12/04  18:00:00,18.63
 12/04  19:00:00,18.63
 12/04  20:00:00,18.63
 12/04  21:00:00,18.63
 12/04  22:00:00,18.63
 12/04  23:00:00,18.63
 12/04  24:00:00,18.63
 12/05  01:00:00,18.63
 12/05  02:00:00,18.63
 12/05  03:00:00,18.57
 12/05  04:00:00,18.57
 12/05  05:00:00,18.52
 12/05  06:00:00,18.52
 12/05  07:00:00,18.47
 12/05  08:00:00,18.42
 12/05  09:00:00,18.36
 12/05  10:00:00,18.36
 12/05  11:00:00,18.36
 12/05  12:00:00,18.47
 12/05  13:00:00,18.42
 12/05  14:00:00,18.52
 12/05  15:00:00,18.57
 12/05  16:00:00,18.63
 12/05  17:00:00,18.73
 12/05  18:00:00,18.73
 12/05  19:00:00,18.73
 12/05  20:00:00,18.68
 12/05  21:00:00,18.68
 12/05  22:00:00,18.68
 12/05  23:00:00,18.68
 12/05  24:00:00,18.73
 12/06  01:00:00,18.68
 12/06  02:00:00,18.68
 12/06  03:00:00,18.68
 12/06  04:00:00,18.63
 12/06  05:00:00,18.52
 12/06  06:00:00,18.47
 12/06  07:00:00,18.42
 12/06  08:00:00,18.42
 12/06  09:00:00,18.36
 12/06  10:00:00,18.32
 12/06  11:00:00,18.27
 12/06  12:00:00,18.32
 12/06  13:00:00,18.36
 12/06  14:00:00,18.32
 12/06  15:00:00,18.27
 12/06  16:00:00,18.11
 12/06  17:00:00,18.11
 12/06  18:00:00,18.06
 12/06  19:00:00,18.06
 12/06  20:00:00,18.06
 12/06  21:00:00,18.06
 12/06  22:00:00,18.06
 12/06  23:00:00,18.06
 12/06  24:00:00,18.11
 12/07  01:00:00,18.11
 12/07  02:00:00,18.11
 12/07  03:00:00,18.11
 12/07  04:00:00,18.11
 12/07  05:00:00,18.11
 12/07  06:00:00,18.06
 12/07  07:00:00,18.06
 12/07  08:00:00,18.06
 12/07  09:00:00,18.01
 12/07  10:00:00,18.11
 12/07  11:00:00,18.06
 12/07  12:00:00,18.11
 12/07  13:00:00,18.16
 12/07  14:00:00,18.21
 12/07  15:00:00,18.32
 12/07  16:00:00,18.36
 12/07  17:00:00,18.36
 12/07  18:00:00,18.32
 12/07  19:00:00,18.36
 12/07  20:00:00,18.36
 12/07  21:00:00,18.42
 12/07  22:00:00,18.36
 12/07  23:00:00,18.36
 12/07  24:00:00,18.32
 12/08  01:00:00,18.32
 12/08  02:00:00,18.27
 12/08  03:00:00,18.27
 12/08  04:00:00,18.27
 12/08  05:00:00,18.27
 12/08  06:00:00,18.21
 12/08  07:00:00,18.11
 12/08  08:00:00,18.06
 12/08  09:00:00,18.06
 12/08  10:00:00,18.06
 12/08  11:00:00,18.06
 12/08  12:00:00,18.01
 12/08  13:00:00,18.06
 12/08  14:00:00,18.16
 12/08  15:00:00,18.21
 12/08  16:00:00,18.27
 12/08  17:00:00,18.36
 12/08  18:00:00,18.42
 12/08  19:00:00,18.36
 12/08  20:00:00,18.36
 12/08  21:00:00,18.36
 12/08  22:00:00,18.36
 12/08  23:00:00,18.32
 12/08  24:00:00,18.32
 12/09  01:00:00,18.32
 12/09  02:00:00,18.27
 12/09  03:00:00,18.21
 12/09  04:00:00,18.21
 12/09  05:00:00,18.16
 12/09  06:00:00,18.11
 12/09  07:00:00,18.06
 12/09  08:00:00,17.96
 12/09  09:00:00,17.74
 12/09  10:00:00,17.68
 12/09  11:00:00,17.58
 12/09  12:00:00,17.91
 12/09  13:00:00,17.63
 12/09  14:00:00,17.74
 12/09  15:00:00,17.91
 12/09  16:00:00,18.06
 12/09  17:00:00,18.11
 12/09  18:00:00,18.16
 12/09  19:00:00,18.21
 12/09  20:00:00,18.11
 12/09  21:00:00,18.06
 12/09  22:00:00,18.01
 12/09  23:00:00,18.01
 12/09  24:00:00,18.01
 12/10  01:00:00,17.84
 12/10  02:00:00,17.84
 12/10  03:00:00,17.96
 12/10  04:00:00,18.01
 12/10  05:00:00,18.01
 12/10  06:00:00,18.06
 12/10  07:00:00,18.06
 12/10  08:00:00,18.06
 12/10  09:00:00,18.01
 12/10  10:00:00,18.06
 12/10  11:00:00,17.89
 12/10  12:00:00,17.79
 12/10  13:00:00,17.63
 12/10  14:00:00,17.63
 12/10  15:00:00,17.58
 12/10  16:00:00,17.58
 12/10  17:00:00,17.68
 12/10  18:00:00,17.74
 12/10  19:00:00,17.79
 12/10  20:00:00,17.79
 12/10  21:00:00,17.68
 12/10  22:00:00,17.63
 12/10  23:00:00,17.63
 12/10  24:00:00,17.58
 12/11  01:00:00,17.58
 12/11  02:00:00,17.53
 12/11  03:00:00,17.48
 12/11  04:00:00,17.48
 12/11  05:00:00,17.39
 12/11  06:00:00,17.34
 12/11  07:00:00,17.28
 12/11  08:00:00,17.39
 12/11  09:00:00,17.43
 12/11  10:00:00,17.43
 12/11  11:00:00,17.43
 12/11  12:00:00,17.68
 12/11  13:00:00,17.68
 12/11  14:00:00,17.74
 12/11  15:00:00,17.79
 12/11  16:00:00,17.84
 12/11  17:00:00,17.89
 12/11  18:00:00,17.89
 12/11  19:00:00,17.89
 12/11  20:00:00,17.89
 12/11  21:00:00,17.89
 12/11  22:00:00,17.89
 12/11  23:00:00,17.89
 12/11  24:00:00,17.89
 12/12  01:00:00,17.89
 12/12  02:00:00,17.89
 12/12  03:00:00,17.89
 12/12  04:00:00,17.89
 12/12  05:00:00,17.94
 12/12  06:00:00,17.89
 12/12  07:00:00,17.84
 12/12  08:00:00,17.79
 12/12  09:00:00,17.74
 12/12  10:00:00,17.68
 12/12  11:00:00,17.74
 12/12  12:00:00,17.89
 12/12  13:00:00,17.99
 12/12  14:00:00,18.09
 12/12  15:00:00,18.14
 12/12  16:00:00,18.32
 12/12  17:00:00,18.32
 12/12  18:00:00,18.32
 12/12  19:00:00,18.27
 12/12  20:00:00,17.94
 12/12  21:00:00,17.89
 12/12  22:00:00,17.94
 12/12  23:00:00,17.99
 12/12  24:00:00,17.89
 12/13  01:00:00,17.89
 12/13  02:00:00,17.84
 12/13  03:00:00,17.84
 12/13  04:00:00,17.79
 12/13  05:00:00,17.68
 12/13  06:00:00,17.63
 12/13  07:00:00,17.68
 12/13  08:00:00,17.58
 12/13  09:00:00,17.53
 12/13  10:00:00,17.53
 12/13  11:00:00,17.53
 12/13  12:00:00,17.63
 12/13  13:00:00,17.68
 12/13  14:00:00,17.84
 12/13  15:00:00,17.94
 12/13  16:00:00,18.09
 12/13  17:00:00,18.14
 12/13  18:00:00,18.14
 12/13  19:00:00,18.32
 12/13  20:00:00,18.36
 12/13  21:00:00,18.36
 12/13  22:00:00,18.14
 12/13  23:00:00,18.19
 12/13  24:00:00,18.19
 12/14  01:00:00,18.14
 12/14  02:00:00,18.19
 12/14  03:00:00,18.36
 12/14  04:00:00,18.36
 12/14  05:00:00,18.36
 12/14  06:00:00,18.42
 12/14  07:00:00,18.36
 12/14  08:00:00,18.42
 12/14  09:00:00,18.47
 12/14  10:00:00,18.19
 12/14  11:00:00,18.09
 12/14  12:00:00,18.36
 12/14  13:00:00,18.52
 12/14  14:00:00,18.57
 12/14  15:00:00,18.68
 12/14  16:00:00,18.78
 12/14  17:00:00,18.78
 12/14  18:00:00,18.84
 12/14  19:00:00,18.84
 12/14  20:00:00,18.84
 12/14  21:00:00,18.84
 12/14  22:00:00,18.84
 12/14  23:00:00,18.84
 12/14  24:00:00,18.84
 12/15  01:00:00,18.84
 12/15  02:00:00,18.84
 12/15  03:00:00,18.84
 12/15  04:00:00,18.84
 12/15  05:00:00,18.84
 12/15  06:00:00,18.84
 12/15  07:00:00,18.78
 12/15  08:00:00,18.84
 12/15  09:00:00,18.84
 12/15  10:00:00,18.78
 12/15  11:00:00,18.84
 12/15  12:00:00,18.95
 12/15  13:00:00,19
 12/15  14:00:00,19.11
 12/15  15:00:00,19.16
 12/15  16:00:00,19.27
 12/15  17:00:00,19.33
 12/15  18:00:00,19.27
 12/15  19:00:00,19.22
 12/15  20:00:00,19.16
 12/15  21:00:00,19.16
 12/15  22:00:00,19.11
 12/15  23:00:00,19.11
 12/15  24:00:00,19.11
 12/16  01:00:00,19.11
 12/16  02:00:00,19.05
 12/16  03:00:00,19.05
 12/16  04:00:00,18.95
 12/16  05:00:00,18.89
 12/16  06:00:00,18.84
 12/16  07:00:00,18.84
 12/16  08:00:00,18.78
 12/16  09:00:00,18.68
 12/16  10:00:00,18.63
 12/16  11:00:00,18.52
 12/16  12:00:00,18.57
 12/16  13:00:00,18.78
 12/16  14:00:00,18.95
 12/16  15:00:00,19.66
 12/16  16:00:00,22.34
